#Term,Database,ID,Input number,Background number,P-Value,Corrected P-Value,Input,Hyperlink,ORF
Hedgehog signaling pathway,n/a,map04340,1,48,0.010811367703812,0.0324341031114361,Q9LV63,,Q9LV63
Hedgehog signaling pathway - fly,n/a,map04341,1,81,0.0180289707082328,0.032452147274819,Q9LV63,,Q9LV63
Cell cycle,n/a,map04110,1,206,0.044911272715367,0.0505251818047878,Q9S7T7,,Q9S7T7
Cell cycle - yeast,n/a,map04111,1,167,0.0366009898253132,0.0470584154896884,Q9S7T7,,Q9S7T7
Gastric cancer,n/a,map05226,1,54,0.0121274477302529,0.027286757393069,Q9LSJ5,,Q9LSJ5
MicroRNAs in cancer,n/a,map05206,1,95,0.0210756391265874,0.0316134586898811,Q9LSJ5,,Q9LSJ5
ABC transporters,n/a,map02010,1,35,0.00795406638080435,0.0357932987136196,Q9LSJ5,,Q9LSJ5
Bile secretion,n/a,map04976,1,32,0.00729356137634226,0.0656420523870804,Q9LSJ5,,Q9LSJ5
Ribosome,n/a,map03010,1,654,0.135556392589112,0.135556392589112,Q9FY65,,Q9FY65
